Trade ID,Ticker,Setup,Date In,Date Out,Entry Price,Exit Price,Shares,PnL Dollar,PnL Pct,Result,Hold Days,Exit Reason
QCOM-2026-05-01-1,QCOM,Wyckoff Volume Ignition,2026-05-01,2026-05-04,179.13,170.88,55,-453.75,-4.61,LOSS,2,"Stop Loss Hit"
GME-2026-05-04-1,GME,Wyckoff Volume Ignition,2026-05-04,2026-05-04,25.11,24,398,-441.78,-4.42,LOSS,1,"Stop Loss Hit"
SOUN-2026-05-04-1,SOUN,Wyckoff Volume Ignition,2026-05-04,2026-05-08,9.54,8.72,1048,-859.36,-8.6,LOSS,5,"Stop Loss Hit"
MU-2026-05-06-1,MU,Volatility Compression Breakout,2026-05-06,2026-05-14,660.37,776.01,15,1734.6,17.51,WIN,7,"Climax Rejection Upper Wick"
NET-2026-05-06-1,NET,Volatility Compression Breakout,2026-05-06,2026-05-08,242.44,227.99,41,-592.45,-5.96,LOSS,3,"Stop Loss Hit"
SMCI-2026-05-07-1,SMCI,Wyckoff Volume Ignition,2026-05-07,2026-05-12,34.01,31.57,294,-717.36,-7.17,LOSS,4,"Stop Loss Hit"
AMD-2026-05-07-1,AMD,Volatility Compression Breakout,2026-05-07,2026-05-22,417.07,467.51,23,1160.12,12.09,WIN,12,"Climax Rejection Upper Wick"
IONQ-2026-05-07-1,IONQ,Volatility Compression Breakout,2026-05-07,2026-05-22,50.03,65.2,199,3018.83,30.32,WIN,12,"Fibonacci 1.618 Target Hit"
RIOT-2026-05-07-1,RIOT,Volatility Compression Breakout,2026-05-07,2026-05-22,23.42,24.49,426,455.82,4.57,WIN,12,"Climax Rejection Upper Wick"
BBAI-2026-05-07-1,BBAI,Volatility Compression Breakout,2026-05-07,2026-05-18,4.37,3.94,2288,-983.84,-9.84,LOSS,8,"Stop Loss Hit"
QCOM-2026-05-08-2,QCOM,Wyckoff Volume Ignition,2026-05-08,2026-05-15,213,201.49,46,-529.46,-5.4,LOSS,6,"Climax Rejection Upper Wick"
CRWD-2026-05-08-1,CRWD,Volatility Compression Breakout,2026-05-08,2026-05-14,124.79,144.25,80,1556.8,15.59,WIN,5,"Fibonacci 1.618 Target Hit"
DDOG-2026-05-08-1,DDOG,Wyckoff Volume Ignition,2026-05-08,2026-05-20,185.5,212.24,53,1417.22,14.42,WIN,9,"Climax Rejection Upper Wick"
MDB-2026-05-08-1,MDB,Volatility Compression Breakout,2026-05-08,2026-05-19,289.65,341.83,34,1774.12,18.01,WIN,8,"Fibonacci 1.618 Target Hit"
INTC-2026-05-11-1,INTC,Volatility Compression Breakout,2026-05-11,2026-05-12,130.88,120.76,76,-769.12,-7.73,LOSS,2,"Stop Loss Hit"
PANW-2026-05-11-1,PANW,Volatility Compression Breakout,2026-05-11,2026-05-22,207.79,255.5,48,2290.08,22.96,WIN,10,"Fibonacci 1.618 Target Hit"
RKLB-2026-05-11-1,RKLB,Wyckoff Volume Ignition,2026-05-11,2026-05-18,105.27,136.19,94,2906.48,29.37,WIN,6,"Fibonacci 1.618 Target Hit"
PLUG-2026-05-12-1,PLUG,Volatility Compression Breakout,2026-05-12,2026-05-13,3.77,3.44,2652,-875.16,-8.75,LOSS,2,"Stop Loss Hit"
FCEL-2026-05-12-1,FCEL,Volatility Compression Breakout,2026-05-12,2026-05-21,16.41,23.96,609,4597.95,46.01,WIN,8,"Fibonacci 1.618 Target Hit"
BWEN-2026-05-13-1,BWEN,Wyckoff Volume Ignition,2026-05-13,2026-05-13,4.05,3.69,2469,-888.84,-8.89,LOSS,1,"Stop Loss Hit"
AAOI-2026-05-14-1,AAOI,Volatility Compression Breakout,2026-05-14,2026-05-18,216.38,180.44,46,-1653.24,-16.61,LOSS,3,"Stop Loss Hit"
CRWD-2026-05-19-2,CRWD,Volatility Compression Breakout,2026-05-19,2026-06-12,155,170.7,64,1004.8,10.13,WIN,18,"Max Hold Window Exit"
CLSK-2026-05-21-1,CLSK,Volatility Compression Breakout,2026-05-21,2026-06-03,15.48,17.61,645,1373.85,13.76,WIN,9,"Climax Rejection Upper Wick"
ARM-2026-05-22-1,ARM,Volatility Compression Breakout,2026-05-22,2026-06-01,290.07,384.81,34,3221.16,32.66,WIN,6,"Fibonacci 1.618 Target Hit"
RGTI-2026-05-22-1,RGTI,Wyckoff Volume Ignition,2026-05-22,2026-06-05,22.96,20.44,435,-1096.2,-10.98,LOSS,10,"Stop Loss Hit"
QBTS-2026-05-22-1,QBTS,Wyckoff Volume Ignition,2026-05-22,2026-06-05,26.34,23.51,379,-1072.57,-10.74,LOSS,10,"Stop Loss Hit"
SNOW-2026-05-27-1,SNOW,Volatility Compression Breakout,2026-05-27,2026-05-28,174.68,227.27,57,2997.63,30.11,WIN,2,"Fibonacci 1.618 Target Hit"
ASTS-2026-05-27-1,ASTS,Volatility Compression Breakout,2026-05-27,2026-05-29,124,110.48,80,-1081.6,-10.9,LOSS,3,"Stop Loss Hit"
SMCI-2026-05-29-2,SMCI,Volatility Compression Breakout,2026-05-29,2026-06-09,44.5,40.99,224,-786.24,-7.89,LOSS,8,"Stop Loss Hit"
ESTC-2026-05-29-1,ESTC,Wyckoff Volume Ignition,2026-05-29,2026-06-01,53.91,68.05,185,2615.9,26.23,WIN,2,"Fibonacci 1.618 Target Hit"
PATH-2026-05-29-1,PATH,Volatility Compression Breakout,2026-05-29,2026-06-17,10.7,10.23,934,-438.98,-4.39,LOSS,14,"Climax Rejection Upper Wick"
HOOD-2026-05-29-1,HOOD,Volatility Compression Breakout,2026-05-29,2026-06-05,85.66,79.87,116,-671.64,-6.76,LOSS,6,"Stop Loss Hit"
TEM-2026-05-29-1,TEM,Volatility Compression Breakout,2026-05-29,2026-05-29,53.33,49.64,187,-690.03,-6.92,LOSS,1,"Stop Loss Hit"
KSS-2026-05-29-1,KSS,Wyckoff Volume Ignition,2026-05-29,2026-06-24,15.16,18.91,659,2471.25,24.74,WIN,18,"Max Hold Window Exit"
PLTR-2026-06-01-1,PLTR,Volatility Compression Breakout,2026-06-01,2026-06-02,159.98,152,62,-494.76,-4.99,LOSS,2,"Stop Loss Hit"
RIVN-2026-06-01-1,RIVN,Volatility Compression Breakout,2026-06-01,2026-06-10,16.14,15.19,619,-588.05,-5.89,LOSS,8,"Stop Loss Hit"
AVGO-2026-06-01-1,AVGO,Volatility Compression Breakout,2026-06-01,2026-06-04,450.09,425.8,22,-534.38,-5.4,LOSS,4,"Stop Loss Hit"
PANW-2026-06-01-2,PANW,Volatility Compression Breakout,2026-06-01,2026-06-08,285.43,267.11,35,-641.2,-6.42,LOSS,6,"Stop Loss Hit"
SNOW-2026-06-01-2,SNOW,Volatility Compression Breakout,2026-06-01,2026-06-03,259.97,241.38,38,-706.42,-7.15,LOSS,3,"Stop Loss Hit"
AI-2026-06-01-1,AI,Volatility Compression Breakout,2026-06-01,2026-06-04,10.9,10.12,917,-715.26,-7.16,LOSS,4,"Stop Loss Hit"
DJT-2026-06-01-1,DJT,Volatility Compression Breakout,2026-06-01,2026-06-05,9.08,8.44,1101,-704.64,-7.05,LOSS,5,"Stop Loss Hit"
NET-2026-06-02-2,NET,Volatility Compression Breakout,2026-06-02,2026-06-05,262.77,247.29,38,-588.24,-5.89,LOSS,4,"Stop Loss Hit"
MDB-2026-06-02-2,MDB,Wyckoff Volume Ignition,2026-06-02,2026-06-05,387.55,355.76,25,-794.75,-8.2,LOSS,4,"Stop Loss Hit"
BBAI-2026-06-02-2,BBAI,Volatility Compression Breakout,2026-06-02,2026-06-04,5.17,4.77,1934,-773.6,-7.74,LOSS,3,"Climax Rejection Upper Wick"
MRVL-2026-06-03-1,MRVL,Wyckoff Volume Ignition,2026-06-03,2026-06-03,317.63,294.16,31,-727.57,-7.39,LOSS,1,"Stop Loss Hit"
KLAC-2026-06-12-1,KLAC,Volatility Compression Breakout,2026-06-12,2026-06-30,237.6,305.3,42,2843.4,28.49,WIN,12,"Fibonacci 1.618 Target Hit"
BWEN-2026-06-17-2,BWEN,Volatility Compression Breakout,2026-06-17,2026-06-22,4.8,5.04,2083,499.92,5,WIN,3,"Climax Rejection Upper Wick"
HOOD-2026-06-18-2,HOOD,Volatility Compression Breakout,2026-06-18,2026-06-24,107.83,96.67,92,-1026.72,-10.35,LOSS,4,"Stop Loss Hit"
INTC-2026-06-22-2,INTC,Volatility Compression Breakout,2026-06-22,2026-06-29,139.12,123.68,71,-1096.24,-11.1,LOSS,6,"Stop Loss Hit"
TSM-2026-06-22-1,TSM,Volatility Compression Breakout,2026-06-22,2026-06-23,476.09,446.99,21,-611.1,-6.11,LOSS,2,"Stop Loss Hit"
AMAT-2026-06-26-1,AMAT,Volatility Compression Breakout,2026-06-26,2026-07-07,642.76,579.34,15,-951.3,-9.87,LOSS,7,"Stop Loss Hit"
LCID-2026-06-29-1,LCID,Wyckoff Volume Ignition,2026-06-29,2026-07-01,5.92,6.63,1689,1199.19,11.99,WIN,3,"Climax Rejection Upper Wick"
SNOW-2026-06-29-3,SNOW,Wyckoff Volume Ignition,2026-06-29,2026-07-23,250.96,265.13,39,552.63,5.65,WIN,18,"Max Hold Window Exit"
DDOG-2026-06-29-2,DDOG,Volatility Compression Breakout,2026-06-29,2026-07-07,245,256.81,40,472.4,4.82,WIN,6,"Climax Rejection Upper Wick"
FCEL-2026-06-30-2,FCEL,Volatility Compression Breakout,2026-06-30,2026-07-08,28.9,23.54,346,-1854.56,-18.55,LOSS,6,"Stop Loss Hit"
RDDT-2026-07-02-1,RDDT,Volatility Compression Breakout,2026-07-02,2026-07-07,194.01,199.44,51,276.93,2.8,WIN,3,"Climax Rejection Upper Wick"
RIVN-2026-07-06-2,RIVN,Wyckoff Volume Ignition,2026-07-06,2026-07-07,18.55,17.12,539,-770.77,-7.71,LOSS,2,"Stop Loss Hit"
NET-2026-07-08-3,NET,Volatility Compression Breakout,2026-07-08,2026-07-28,267.89,251.18,37,-618.27,-6.24,LOSS,15,"Stop Loss Hit"
BWEN-2026-07-15-3,BWEN,Volatility Compression Breakout,2026-07-15,2026-07-17,5.03,4.42,1988,-1212.68,-12.13,LOSS,3,"Stop Loss Hit"
LCID-2026-07-20-2,LCID,Volatility Compression Breakout,2026-07-20,2026-08-12,7.07,6.54,1414,-749.42,-7.5,LOSS,18,"Max Hold Window Exit"
COIN-2026-07-22-1,COIN,Volatility Compression Breakout,2026-07-22,2026-07-24,172.25,158.27,58,-810.84,-8.12,LOSS,3,"Stop Loss Hit"
SMCI-2026-07-23-3,SMCI,Wyckoff Volume Ignition,2026-07-23,2026-07-28,30.33,27.98,329,-773.15,-7.75,LOSS,4,"Stop Loss Hit"
SNOW-2026-07-30-4,SNOW,Volatility Compression Breakout,2026-07-30,2026-08-05,285,316.84,35,1114.4,11.17,WIN,5,"Climax Rejection Upper Wick"
AAOI-2026-08-05-2,AAOI,Volatility Compression Breakout,2026-08-05,2026-08-13,128.45,130.08,77,125.51,1.27,WIN,7,"Climax Rejection Upper Wick"
PLTR-2026-08-05-2,PLTR,Wyckoff Volume Ignition,2026-08-05,2026-08-06,162,153.12,61,-541.68,-5.48,LOSS,2,"Stop Loss Hit"
UPST-2026-08-05-1,UPST,Volatility Compression Breakout,2026-08-05,2026-08-05,34.59,32.28,289,-667.59,-6.68,LOSS,1,"Stop Loss Hit"
NET-2026-08-05-4,NET,Volatility Compression Breakout,2026-08-05,2026-08-20,300.08,278.87,33,-699.93,-7.07,LOSS,12,"Stop Loss Hit"
BBAI-2026-08-05-3,BBAI,Volatility Compression Breakout,2026-08-05,2026-08-26,3.14,3.05,3184,-286.56,-2.87,LOSS,16,"Climax Rejection Upper Wick"
W-2026-08-05-1,W,Wyckoff Volume Ignition,2026-08-05,2026-08-05,114.89,107.38,87,-653.37,-6.54,LOSS,1,"Stop Loss Hit"
PLTR-2026-08-10-3,PLTR,Volatility Compression Breakout,2026-08-10,2026-08-17,171.01,172.55,58,89.32,0.9,WIN,6,"Climax Rejection Upper Wick"
IONQ-2026-08-10-2,IONQ,Volatility Compression Breakout,2026-08-10,2026-08-18,43.24,44.12,231,203.28,2.04,WIN,7,"Climax Rejection Upper Wick"
SMCI-2026-08-13-4,SMCI,Wyckoff Volume Ignition,2026-08-13,2026-08-20,38.28,36.5,261,-464.58,-4.65,LOSS,6,"Climax Rejection Upper Wick"
ESTC-2026-08-14-2,ESTC,Wyckoff Volume Ignition,2026-08-14,2026-08-25,86.01,81.09,116,-570.72,-5.72,LOSS,8,"Stop Loss Hit"
AAOI-2026-08-17-3,AAOI,Volatility Compression Breakout,2026-08-17,2026-08-19,152.64,128.35,65,-1578.85,-15.91,LOSS,3,"Stop Loss Hit"
COIN-2026-08-20-2,COIN,Volatility Compression Breakout,2026-08-20,2026-09-04,172.75,184.64,57,677.73,6.88,WIN,12,"Climax Rejection Upper Wick"
TEM-2026-08-20-2,TEM,Wyckoff Volume Ignition,2026-08-20,2026-09-02,61.83,61.94,161,17.71,0.18,WIN,10,"Climax Rejection Upper Wick"
TSLA-2026-08-24-1,TSLA,Volatility Compression Breakout,2026-08-24,2026-08-26,361.41,344.91,27,-445.5,-4.57,LOSS,3,"Stop Loss Hit"
HOOD-2026-08-24-3,HOOD,Wyckoff Volume Ignition,2026-08-24,2026-09-11,106.86,112.57,93,531.03,5.34,WIN,14,"Climax Rejection Upper Wick"
MSTR-2026-08-25-1,MSTR,Volatility Compression Breakout,2026-08-25,2026-09-18,119.11,153.92,83,2889.23,29.23,WIN,18,"Max Hold Window Exit"
NVDA-2026-08-28-1,NVDA,Wyckoff Volume Ignition,2026-08-28,2026-08-28,227.36,219.2,43,-350.88,-3.59,LOSS,1,"Stop Loss Hit"
CRWD-2026-08-28-3,CRWD,Wyckoff Volume Ignition,2026-08-28,2026-08-28,228.23,214.4,43,-594.69,-6.06,LOSS,1,"Stop Loss Hit"
TSLA-2026-09-01-2,TSLA,Volatility Compression Breakout,2026-09-01,2026-09-09,360.9,367.81,27,186.57,1.91,WIN,6,"Climax Rejection Upper Wick"
CRWD-2026-09-01-4,CRWD,Volatility Compression Breakout,2026-09-01,2026-09-02,228,210.27,43,-762.39,-7.78,LOSS,2,"Stop Loss Hit"
AMD-2026-09-09-2,AMD,Volatility Compression Breakout,2026-09-09,2026-09-21,507.5,589.4,19,1556.1,16.14,WIN,9,"Fibonacci 1.618 Target Hit"
GME-2026-09-10-2,GME,Volatility Compression Breakout,2026-09-10,2026-09-17,19.88,22.64,503,1388.28,13.88,WIN,6,"Fibonacci 1.618 Target Hit"
TEM-2026-09-18-3,TEM,Volatility Compression Breakout,2026-09-18,2026-09-24,81.4,74.91,122,-791.78,-7.97,LOSS,5,"Stop Loss Hit"
MARA-2026-09-21-1,MARA,Volatility Compression Breakout,2026-09-21,2026-09-24,13.94,12.92,717,-731.34,-7.32,LOSS,4,"Climax Rejection Upper Wick"
CLSK-2026-09-21-2,CLSK,Volatility Compression Breakout,2026-09-21,2026-09-25,15.12,13.75,661,-905.57,-9.06,LOSS,5,"Stop Loss Hit"
PWP-2026-09-30-1,PWP,Wyckoff Volume Ignition,2026-09-30,2026-10-02,16.28,15.82,614,-282.44,-2.83,LOSS,3,"Climax Rejection Upper Wick"